Unnamed: 0,arr_port,pax
0,LHR,88809.0
1,MCO,70930.0
2,LAX,70530.0
3,LAS,69630.0
4,JFK,66270.0
5,CDG,64490.0
6,BKK,59460.0
7,MIA,58150.0
8,SFO,58000.0
9,DXB,55590.0
10,ORD,53200.0
11,FCO,45120.0
12,IST,43850.0
13,DFW,42420.0
14,CUN,42000.0
15,MAD,41410.0
16,BCN,41200.0
17,LGA,40712.0
18,ATL,39780.0
19,EWR,36890.0
20,BOS,35840.0
21,DEL,35680.0
22,SYD,33690.0
23,BOM,33440.0
24,MUC,33180.0
25,DEN,32630.0
26,MNL,32400.0
27,HKG,32020.0
28,FRA,31970.0
29,ORY,31800.0
30,SEA,31530.0
31,FLL,31170.0
32,TXL,30590.0
33,AMS,30580.0
34,PHX,29730.0
35,DCA,29000.0
36,MEX,28120.0
37,IAH,28090.0
38,JED,27090.0
39,PVG,26630.0
40,YYZ,26070.0
41,VIE,25750.0
42,LIS,25050.0
43,SIN,24874.0
44,CAI,24640.0
45,HNL,24140.0
46,ATH,24100.0
47,MEL,23830.0
48,SAN,23720.0
49,JNB,23710.0
50,PEK,23680.0
51,BOG,23090.0
52,PHL,22210.0
53,ARN,21800.0
54,TPA,21530.0
55,SVO,21292.0
56,BRU,20940.0
57,TLV,20190.0
58,ZRH,20190.0
59,LIM,20150.0
60,MSP,20030.0
61,CPH,19740.0
62,BNE,19480.0
63,RUH,19440.0
64,IAD,19170.0
65,ICN,18560.0
66,DUS,18250.0
67,KUL,18200.0
68,DTW,17800.0
69,OSL,17000.0
70,MXP,16950.0
71,CLT,16862.0
72,NRT,16570.0
73,LED,15960.0
74,YVR,15920.0
75,CPT,15840.0
76,MSY,15820.0
77,HAM,15640.0
78,PUJ,14960.0
79,MAA,14940.0
80,AKL,14940.0
81,NCE,14880.0
82,GVA,14720.0
83,TPE,14450.0
84,YUL,14040.0
85,HKT,14040.0
86,LIN,14020.0
87,PRG,13990.0
88,GRU,13850.0
89,PMI,13840.0
90,TUN,13830.0
91,SJU,13730.0
92,DME,13600.0
93,BWI,13590.0
94,SLC,13530.0
95,BLR,13490.0
96,PER,13300.0
97,DUB,12900.0
98,STL,12760.0
99,DPS,12740.0
100,SGN,12700.0
101,PDX,12550.0
102,DAC,12420.0
103,RSW,12310.0
104,AMM,12310.0
105,VCE,12030.0
106,HEL,11930.0
107,MRU,11820.0
108,DOH,11810.0
109,SCL,11760.0
110,CAN,11730.0
111,CMN,11720.0
112,RDU,11530.0
113,AGP,11520.0
114,AUS,11480.0
115,HYD,11410.0
116,EZE,11360.0
117,CMB,11230.0
118,WAW,11200.0
119,BEY,10950.0
120,SAT,10780.0
121,CGK,10640.0
122,ALG,10610.0
123,COK,10490.0
124,PIT,10430.0
125,BUD,10420.0
126,MBJ,10390.0
127,GIG,10380.0
128,SNA,10360.0
129,MCI,9910.0
130,YYC,9810.0
131,MRS,9650.0
132,MAN,9540.0
133,OGG,9040.0
134,CCU,8990.0
135,BNA,8980.0
136,PBI,8910.0
137,NBO,8740.0
138,LYS,8590.0
139,AUH,8560.0
140,UIO,8550.0
141,KBP,8490.0
142,LGW,8380.0
143,SJC,8280.0
144,IND,8240.0
145,TLS,8160.0
146,ISB,8160.0
147,GDL,8150.0
148,AEP,8010.0
149,PTY,7910.0
150,OTP,7900.0
151,CCS,7800.0
152,SDQ,7770.0
153,JAX,7690.0
154,USM,7670.0
155,SJO,7590.0
156,ADL,7570.0
157,CMH,7480.0
158,CLE,7440.0
159,STR,7410.0
160,KWI,7380.0
161,LCY,7300.0
162,CTA,7300.0
163,MKE,7230.0
164,LHE,7200.0
165,MLA,7120.0
166,DMM,7100.0
167,SJD,7080.0
168,DUR,6950.0
169,HAV,6910.0
170,GYE,6830.0
171,NAS,6680.0
172,TRV,6640.0
173,KOA,6620.0
174,MDE,6540.0
175,KTM,6500.0
176,CTG,6440.0
177,MCT,6420.0
178,CVG,6390.0
179,BLQ,6370.0
180,OPO,6350.0
181,PVR,6280.0
182,MEM,6230.0
183,BDL,6190.0
184,BGO,6140.0
185,CCJ,6070.0
186,SMF,6040.0
187,CLO,6010.0
188,AUA,5970.0
189,TFN,5900.0
190,ADD,5880.0
191,KEF,5810.0
192,LPA,5780.0
193,BAH,5740.0
194,FLR,5720.0
195,BEG,5560.0
196,CHC,5410.0
197,MLE,5400.0
198,SAL,5370.0
199,CGN,5260.0
200,EDI,5240.0
201,AMD,5200.0
202,AYT,5170.0
203,VLC,5110.0
204,SKG,5100.0
205,GOT,5070.0
206,HAN,4970.0
207,RAK,4970.0
208,SVG,4960.0
209,ANC,4940.0
210,SOF,4920.0
211,LIH,4900.0
212,KHI,4890.0
213,HAJ,4830.0
214,BUF,4820.0
215,YEG,4770.0
216,KIX,4720.0
217,OKC,4700.0
218,LCA,4700.0
219,LOS,4690.0
220,BIO,4650.0
221,BOD,4630.0
222,MTY,4610.0
223,ALA,4580.0
224,DKR,4560.0
225,PTP,4540.0
226,CBR,4520.0
227,CUR,4510.0
228,ORF,4480.0
229,SDF,4470.0
230,GUA,4460.0
231,BHX,4420.0
232,NAP,4420.0
233,CNX,4400.0
234,RIX,4400.0
235,VKO,4360.0
236,RIC,4300.0
237,ABQ,4290.0
238,CHS,4160.0
239,OMA,4120.0
240,PSP,4100.0
241,TUS,4090.0
242,SAV,4080.0
243,KRK,4030.0
244,WLG,3990.0
245,RGN,3940.0
246,CUZ,3910.0
247,YOW,3860.0
248,ACC,3810.0
249,PMO,3790.0
250,AER,3790.0
251,GEG,3770.0
252,ABZ,3710.0
253,GOI,3680.0
254,HOU,3670.0
255,RNO,3640.0
256,NAN,3630.0
257,FDF,3630.0
258,HER,3620.0
259,STT,3620.0
260,LAD,3610.0
261,ZAG,3610.0
262,LKO,3600.0
263,MDW,3590.0
264,GLA,3570.0
265,DAR,3520.0
266,PVD,3510.0
267,BAQ,3440.0
268,ESB,3420.0
269,CNS,3420.0
270,CGH,3390.0
271,OAK,3390.0
272,POS,3360.0
273,PLZ,3330.0
274,GSO,3330.0
275,PNS,3290.0
276,HND,3290.0
277,IBZ,3280.0
278,MED,3280.0
279,DAY,3280.0
280,MGA,3260.0
281,FNC,3210.0
282,KRT,3190.0
283,BOI,3190.0
284,TBS,3180.0
285,LUX,3160.0
286,RUN,3150.0
287,LIT,3140.0
288,TSE,3130.0
289,ELP,3130.0
290,IKA,3110.0
291,GRR,3110.0
292,DSM,3090.0
293,ADB,3060.0
294,ROC,3040.0
295,ADZ,3030.0
296,ONT,3020.0
297,KRR,3000.0
298,TRD,3000.0
299,MYR,3000.0
300,SYR,3000.0
301,CEB,2990.0
302,NUE,2980.0
303,HBE,2970.0
304,BGI,2960.0
305,ROV,2950.0
306,ORN,2950.0
307,BHM,2920.0
308,TIP,2860.0
309,KIN,2840.0
310,TUL,2810.0
311,GYD,2810.0
312,YHZ,2800.0
313,MBA,2800.0
314,BMA,2760.0
315,TRN,2760.0
316,ALC,2760.0
317,SUF,2760.0
318,SVQ,2750.0
319,SXM,2740.0
320,KBV,2740.0
321,SDU,2720.0
322,PPT,2720.0
323,FAO,2700.0
324,COS,2690.0
325,YWG,2680.0
326,BRI,2680.0
327,SEZ,2670.0
328,GSP,2600.0
329,ABJ,2600.0
330,EBB,2600.0
331,MSQ,2600.0
332,CTS,2600.0
333,NTE,2570.0
334,GUM,2560.0
335,TLL,2520.0
336,TIA,2520.0
337,PAP,2520.0
338,MSN,2490.0
339,ATQ,2480.0
340,MDT,2470.0
341,MVD,2430.0
342,CAE,2430.0
343,SAW,2430.0
344,PNQ,2420.0
345,EVN,2410.0
346,XNA,2410.0
347,GDN,2400.0
348,SVX,2400.0
349,TFS,2360.0
350,OOL,2350.0
351,USH,2350.0
352,ALB,2350.0
353,UVF,2340.0
354,ANU,2340.0
355,IGR,2340.0
356,CNF,2330.0
357,TAO,2320.0
358,SSH,2320.0
359,SRQ,2320.0
360,KIV,2310.0
361,BUR,2280.0
362,MFM,2280.0
363,HBA,2260.0
364,TYS,2240.0
365,PWM,2240.0
366,PMV,2220.0
367,SIP,2220.0
368,KTA,2210.0
369,CAG,2200.0
370,SXB,2200.0
371,NCL,2200.0
372,IGU,2190.0
373,JAI,2190.0
374,SMR,2180.0
375,POA,2160.0
376,ICT,2160.0
377,PLS,2160.0
378,PNH,2150.0
379,SJJ,2140.0
380,LGB,2130.0
381,BSB,2130.0
382,GCM,2110.0
383,BJX,2110.0
384,SSA,2100.0
385,BGA,2100.0
386,LIR,2070.0
387,GEO,2070.0
388,BLL,2050.0
389,BSL,2030.0
390,RHO,2030.0
391,ODS,2020.0
392,VVI,2020.0
393,PUS,2020.0
394,IXE,2010.0
395,HRE,2000.0
396,NGO,2000.0
397,COR,1980.0
398,VRN,1970.0
399,ABV,1950.0
400,HSV,1950.0
401,CCP,1950.0
402,BRE,1950.0
403,XMN,1880.0
404,JTR,1880.0
405,MDZ,1870.0
406,VNO,1870.0
407,FAI,1870.0
408,EYW,1870.0
409,AHB,1850.0
410,MHT,1840.0
411,PEI,1830.0
412,MRV,1820.0
413,FUE,1810.0
414,GOA,1810.0
415,PDL,1800.0
416,DJE,1790.0
417,CZL,1790.0
418,KUF,1790.0
419,DBV,1760.0
420,TOS,1750.0
421,ZQN,1720.0
422,PEN,1720.0
423,PEW,1720.0
424,HGH,1720.0
425,AQP,1710.0
426,CTU,1710.0
427,CZM,1700.0
428,ACE,1700.0
429,MPM,1690.0
430,OVB,1680.0
431,SHA,1670.0
432,ANF,1660.0
433,AAQ,1650.0
434,ASU,1650.0
435,XPG,1630.0
436,BRC,1620.0
437,GMP,1610.0
438,MMX,1610.0
439,HPN,1610.0
440,CAK,1610.0
441,LUN,1610.0
442,SPU,1600.0
443,CJC,1600.0
444,DRW,1600.0
445,BTR,1600.0
446,TAS,1600.0
447,YQB,1580.0
448,KHH,1580.0
449,KBL,1580.0
450,VPS,1580.0
451,BZN,1560.0
452,VVO,1550.0
453,TGU,1540.0
454,BDA,1540.0
455,DAB,1540.0
456,JAN,1530.0
457,GPT,1520.0
458,BZE,1520.0
459,FAT,1510.0
460,ZNE,1510.0
461,AJA,1510.0
462,AGA,1510.0
463,SZX,1510.0
464,PBM,1500.0
465,BOO,1500.0
466,BTV,1490.0
467,LJU,1490.0
468,TNR,1480.0
469,IDR,1480.0
470,STI,1470.0
471,IXC,1470.0
472,PAT,1470.0
473,WDH,1470.0
474,FOC,1460.0
475,SAP,1450.0
476,WRO,1450.0
477,PRN,1440.0
478,VNS,1440.0
479,TGD,1440.0
480,FAY,1430.0
481,POM,1430.0
482,TLH,1430.0
483,DRS,1430.0
484,GAU,1430.0
485,BHD,1420.0
486,BLA,1420.0
487,SZG,1410.0
488,BEN,1400.0
489,SKP,1400.0
490,OUD,1400.0
491,YQR,1400.0
492,DAL,1390.0
493,TSV,1390.0
494,BDS,1380.0
495,LPB,1380.0
496,YLW,1380.0
497,RPR,1380.0
498,SLA,1380.0
499,TUU,1380.0
500,ELS,1370.0
501,NOU,1370.0
502,PZO,1370.0
503,FSD,1360.0
504,VGO,1360.0
505,JAC,1360.0
506,IEV,1350.0
507,PMC,1340.0
508,BUQ,1340.0
509,REP,1330.0
510,JRO,1320.0
511,OLB,1310.0
512,YTZ,1310.0
513,YYJ,1290.0
514,ZYL,1290.0
515,VAR,1290.0
516,CGP,1290.0
517,BKI,1280.0
518,SNN,1280.0
519,TAB,1270.0
520,SBA,1270.0
521,YYT,1260.0
522,ILM,1260.0
523,DLC,1230.0
524,KHV,1220.0
525,NKG,1220.0
526,BES,1220.0
527,SGF,1220.0
528,BGW,1210.0
529,VTZ,1210.0
530,HRG,1210.0
531,SHE,1200.0
532,FPO,1200.0
533,PSC,1200.0
534,MAR,1190.0
535,MPL,1190.0
536,PIU,1190.0
537,DUD,1180.0
538,CKY,1180.0
539,BIQ,1170.0
540,LCG,1170.0
541,FTE,1160.0
542,FRU,1160.0
543,TRU,1160.0
544,BIL,1150.0
545,LIL,1150.0
546,CUC,1150.0
547,DLA,1140.0
548,AMA,1140.0
549,TIJ,1130.0
550,PHE,1130.0
551,KJA,1130.0
552,BKO,1120.0
553,UDR,1120.0
554,VER,1080.0
555,CUU,1080.0
556,SAH,1080.0
557,MTR,1080.0
558,BJV,1080.0
559,LEJ,1070.0
560,KGL,1070.0
561,CHQ,1060.0
562,LEX,1060.0
563,DOK,1060.0
564,IXB,1050.0
565,CPO,1050.0
566,BZV,1040.0
567,CWB,1040.0
568,HMO,1040.0
569,VSA,1040.0
570,GIZ,1040.0
571,KMG,1040.0
572,CJB,1030.0
573,ROA,1030.0
574,KGD,1020.0
575,RAP,1020.0
576,PHF,1020.0
577,JER,1020.0
578,ZYR,1020.0
579,COO,1010.0
580,MOB,1010.0
581,REC,1010.0
582,ASE,1010.0
583,OVD,1010.0
584,IQT,1010.0
585,RAJ,1010.0
586,FLN,1000.0
587,VTE,1000.0
588,MAH,1000.0
589,CHA,990.0
590,MYY,990.0
591,ULN,990.0
592,CUE,990.0
593,FIH,990.0
594,GRX,990.0
595,ADA,980.0
596,IQQ,980.0
597,MFE,980.0
598,ITO,980.0
599,EAM,980.0
600,ECP,980.0
601,YMM,970.0
602,RBA,970.0
603,ZNZ,970.0
604,LBV,960.0
605,EBL,960.0
606,GLT,960.0
607,PUF,960.0
608,BRS,950.0
609,POZ,950.0
610,LWO,950.0
611,MJT,950.0
612,TIV,950.0
613,CEK,940.0
614,MID,940.0
615,NAG,940.0
616,KRS,940.0
617,NAT,920.0
618,BIA,920.0
619,HLA,920.0
620,MIR,920.0
621,BJM,920.0
622,JMK,920.0
623,UFA,910.0
624,FSC,910.0
625,PSA,910.0
626,LLW,910.0
627,OUA,910.0
628,EUG,910.0
629,TRZ,900.0
630,PUQ,900.0
631,MAO,900.0
632,NSI,900.0
633,MZT,890.0
634,YXE,890.0
635,LFT,890.0
636,TSR,890.0
637,AVL,890.0
638,REG,890.0
639,CKG,890.0
640,FUK,890.0
641,MLI,880.0
642,ITM,880.0
643,CGO,880.0
644,CRW,880.0
645,SUB,880.0
646,ABE,880.0
647,SFA,870.0
648,ZIH,870.0
649,IXM,870.0
650,FOR,870.0
651,MLB,870.0
652,VAA,860.0
653,CHO,860.0
654,CRP,860.0
655,SHV,860.0
656,KRN,850.0
657,DED,850.0
658,SID,850.0
659,VIX,850.0
660,BBI,850.0
661,MMK,850.0
662,CID,850.0
663,KKC,850.0
664,SDK,850.0
665,IXU,840.0
666,LBB,840.0
667,PBO,840.0
668,HAU,840.0
669,GRB,840.0
670,RAI,840.0
671,SLL,840.0
672,SLP,830.0
673,GRK,830.0
674,SHJ,820.0
675,GPS,820.0
676,KZN,820.0
677,FWA,820.0
678,JUB,820.0
679,AAL,810.0
680,PSO,810.0
681,AGU,810.0
682,AAE,810.0
683,PHC,810.0
684,PNR,810.0
685,GRJ,800.0
686,BHO,800.0
687,MSU,800.0
688,MKY,790.0
689,DAD,790.0
690,TSA,790.0
691,GUW,790.0
692,VFA,790.0
693,MAF,780.0
694,CLJ,780.0
695,TRS,780.0
696,APW,780.0
697,AHO,770.0
698,BSR,770.0
699,BRM,770.0
700,EGE,770.0
701,ATW,770.0
702,FAR,770.0
703,XIY,770.0
704,BJA,770.0
705,LBA,760.0
706,SPC,760.0
707,TJM,760.0
708,AES,750.0
709,AEX,750.0
710,WNZ,750.0
711,OMS,750.0
712,UME,740.0
713,HAS,740.0
714,KCH,730.0
715,OAX,730.0
716,LGK,720.0
717,BIS,720.0
718,XRY,720.0
719,GRZ,720.0
720,AVP,710.0
721,TNG,710.0
722,NNG,710.0
723,GBE,710.0
724,ACA,700.0
725,VLN,700.0
726,MFR,700.0
727,CRD,700.0
728,CEI,700.0
729,GNV,690.0
730,BDQ,690.0
731,TLN,690.0
732,PKC,690.0
733,IXZ,690.0
734,BJL,690.0
735,DRO,690.0
736,TUC,690.0
737,GOJ,680.0
738,GYN,680.0
739,IAS,680.0
740,TLM,680.0
741,GJT,680.0
742,NKC,670.0
743,KGI,670.0
744,LAN,670.0
745,TRF,670.0
746,SMS,670.0
747,IPC,670.0
748,BMI,660.0
749,FNA,660.0
750,MRY,660.0
751,LLA,660.0
752,SXF,650.0
753,SXR,650.0
754,MHD,650.0
755,AGS,650.0
756,QRO,650.0
757,JDH,650.0
758,ASP,650.0
759,DLM,640.0
760,CFE,640.0
761,CIX,640.0
762,RMA,630.0
763,OZZ,620.0
764,BHJ,620.0
765,ZWS,620.0
766,LPQ,620.0
767,SKT,620.0
768,BFN,620.0
769,CFU,620.0
770,ARH,610.0
771,PIA,610.0
772,RAR,610.0
773,SBZ,610.0
774,POP,610.0
775,SSG,610.0
776,CGQ,610.0
777,OUL,610.0
778,VRA,610.0
779,TGZ,610.0
780,RVN,610.0
781,ADE,600.0
782,BQN,600.0
783,PEE,600.0
784,MQP,600.0
785,RST,600.0
786,SFJ,600.0
787,EYP,600.0
788,BGR,600.0
789,LNK,600.0
790,TKU,600.0
791,TIF,600.0
792,UUS,590.0
793,CUL,590.0
794,AXM,590.0
795,ECN,590.0
796,IXR,590.0
797,DNK,590.0
798,VDE,580.0
799,QSF,580.0
800,VLI,580.0
801,SCO,580.0
802,SKB,580.0
803,MLH,580.0
804,MOT,580.0
805,OAJ,580.0
806,HHH,570.0
807,YYG,570.0
808,CJS,570.0
809,SBN,570.0
810,RTM,570.0
811,AJF,570.0
812,WUH,570.0
813,TER,570.0
814,NLA,570.0
815,BME,570.0
816,IKT,560.0
817,ISA,560.0
818,EIS,560.0
819,MSO,560.0
820,EVV,550.0
821,RNS,550.0
822,ORK,550.0
823,HDY,550.0
824,YQT,550.0
825,MOV,540.0
826,QKL,540.0
827,PMR,540.0
828,BON,540.0
829,VOG,540.0
830,DIY,540.0
831,ISP,540.0
832,YQM,530.0
833,RTB,530.0
834,ROK,530.0
835,IMF,530.0
836,DZA,530.0
837,SOU,530.0
838,NTL,530.0
839,LGQ,520.0
840,LXR,520.0
841,YNB,520.0
842,NVA,510.0
843,CAY,510.0
844,NIM,510.0
845,MUN,510.0
846,LSC,510.0
847,KIM,510.0
848,ASW,500.0
849,AAR,500.0
850,TRC,500.0
851,PUY,500.0
852,GCI,500.0
853,KIS,500.0
854,JNU,500.0
855,ZLO,500.0
856,MGM,500.0
857,BFL,500.0
858,FNT,500.0
859,FBM,500.0
860,LVI,500.0
861,BNS,500.0
862,NQN,490.0
863,ZCO,490.0
864,FMO,490.0
865,ARI,490.0
866,TPP,480.0
867,RCH,480.0
868,MWZ,480.0
869,MUB,480.0
870,GND,480.0
871,KSU,480.0
872,KGS,480.0
873,TRI,470.0
874,TCQ,470.0
875,INN,470.0
876,LEI,470.0
877,OKA,460.0
878,SBW,460.0
879,DLH,460.0
880,JKH,460.0
881,YFC,450.0
882,CSX,450.0
883,CFS,450.0
884,SBH,450.0
885,LNZ,450.0
886,ELQ,450.0
887,TET,450.0
888,YXU,450.0
889,KSC,450.0
890,UKK,440.0
891,DVO,440.0
892,KTW,440.0
893,TAM,430.0
894,SDR,430.0
895,ELM,430.0
896,TLC,430.0
897,SLW,430.0
898,NJF,430.0
899,TVC,430.0
900,JUL,430.0
901,AZO,430.0
902,GTF,430.0
903,DYU,430.0
904,YNT,430.0
905,RDM,420.0
906,UBP,420.0
907,VXE,420.0
908,CPE,420.0
909,MEC,420.0
910,AXU,420.0
911,LDB,420.0
912,HRB,420.0
913,HTI,420.0
914,BHI,410.0
915,DGO,410.0
916,IBE,410.0
917,CME,410.0
918,TIR,410.0
919,MLN,410.0
920,POL,410.0
921,YUM,410.0
922,LST,410.0
923,EMD,410.0
924,BRO,410.0
925,MLU,400.0
926,TMP,400.0
927,RZE,400.0
928,ROB,400.0
929,LYR,400.0
930,GET,400.0
931,KBR,400.0
932,NUX,400.0
933,LTN,390.0
934,ADQ,390.0
935,LBU,390.0
936,MRA,390.0
937,IXS,390.0
938,SDL,390.0
939,ROT,390.0
940,BJR,390.0
941,ETH,390.0
942,DHN,390.0
943,TBP,390.0
944,CPR,390.0
945,CPC,390.0
946,BWN,390.0
947,NBC,380.0
948,PDP,380.0
949,OCC,380.0
950,YNJ,380.0
951,TNA,380.0
952,ITH,380.0
953,ASR,380.0
954,LAE,380.0
955,VUP,380.0
956,TSN,380.0
957,NPE,380.0
958,NPL,380.0
959,RKT,370.0
960,SCE,370.0
961,EJA,370.0
962,LFW,370.0
963,FLO,370.0
964,IVL,370.0
965,SCU,360.0
966,STN,360.0
967,STX,360.0
968,YQQ,360.0
969,HFT,360.0
970,JUJ,360.0
971,FRO,360.0
972,YQU,350.0
973,SYX,350.0
974,HRL,350.0
975,XER,350.0
976,AJL,350.0
977,BHE,350.0
978,IXL,350.0
979,EAS,350.0
980,XFW,350.0
981,BEL,350.0
982,FLG,350.0
983,JIB,350.0
984,SEB,350.0
985,NDJ,350.0
986,BET,340.0
987,PEM,340.0
988,NWI,340.0
989,CIT,340.0
990,STD,340.0
991,MZL,340.0
992,YXJ,340.0
993,SAF,340.0
994,PAZ,340.0
995,GFK,340.0
996,SMI,340.0
997,GGT,340.0
998,CRK,340.0
999,EOH,340.0
1000,CJU,340.0
1001,HME,330.0
1002,YXS,330.0
1003,HGU,330.0
1004,TOF,330.0
1005,YCD,330.0
1006,ASF,330.0
1007,MUX,330.0
1008,CSG,330.0
1009,SPN,330.0
1010,UTH,330.0
1011,GZT,330.0
1012,KKN,330.0
1013,EWN,330.0
1014,BHH,320.0
1015,KTT,320.0
1016,SWF,320.0
1017,PLQ,320.0
1018,ALH,320.0
1019,PQQ,320.0
1020,NJC,320.0
1021,EVE,320.0
1022,ABS,310.0
1023,MLM,310.0
1024,SGC,310.0
1025,AKX,310.0
1026,TWU,310.0
1027,IXJ,310.0
1028,KUO,310.0
1029,LEA,310.0
1030,IXA,310.0
1031,INV,310.0
1032,VGA,310.0
1033,VIL,310.0
1034,PGF,310.0
1035,VLD,300.0
1036,LYH,300.0
1037,YZF,300.0
1038,VCP,300.0
1039,MQX,300.0
1040,ABX,300.0
1041,HDN,300.0
1042,SLZ,300.0
1043,DIB,300.0
1044,LOP,300.0
1045,ABT,300.0
1046,BUS,300.0
1047,SBP,300.0
1048,SCN,300.0
1049,RNB,300.0
1050,ERI,290.0
1051,SFT,290.0
1052,FSM,290.0
1053,VBY,290.0
1054,BTU,290.0
1055,KTN,290.0
1056,JHM,290.0
1057,BGM,290.0
1058,QQS,290.0
1059,CWA,290.0
1060,PPG,290.0
1061,BPS,290.0
1062,REX,290.0
1063,PIX,290.0
1064,CLY,290.0
1065,ILO,290.0
1066,ISU,290.0
1067,CJA,290.0
1068,LXS,280.0
1069,KZO,280.0
1070,KAO,280.0
1071,WGA,280.0
1072,URT,280.0
1073,BOB,280.0
1074,ATZ,280.0
1075,AGH,280.0
1076,CGY,280.0
1077,AXD,280.0
1078,PSS,280.0
1079,FRS,270.0
1080,ASM,270.0
1081,MAM,270.0
1082,ISN,270.0
1083,BCD,270.0
1084,CGR,270.0
1085,LNY,270.0
1086,LSP,270.0
1087,TPS,270.0
1088,PAD,270.0
1089,TZX,270.0
1090,TAP,270.0
1091,UAQ,270.0
1092,UDI,270.0
1093,NDR,270.0
1094,UTN,270.0
1095,NOZ,270.0
1096,YIW,270.0
1097,YYD,270.0
1098,WEH,270.0
1099,CEN,260.0
1100,SDD,260.0
1101,MTT,260.0
1102,LPI,260.0
1103,ASB,260.0
1104,TCO,260.0
1105,PFO,260.0
1106,YSB,260.0
1107,RYK,260.0
1108,KEJ,260.0
1109,MTJ,250.0
1110,PNA,250.0
1111,SYZ,250.0
1112,RJA,250.0
1113,BNN,250.0
1114,JJN,250.0
1115,VVC,250.0
1116,CMI,250.0
1117,KNX,250.0
1118,SVD,250.0
1119,HIR,250.0
1120,NGB,250.0
1121,IDA,250.0
1122,MDQ,250.0
1123,HMB,250.0
1124,HAH,250.0
1125,LAO,240.0
1126,SFG,240.0
1127,NLK,240.0
1128,ROR,240.0
1129,CWL,240.0
1130,BOJ,240.0
1131,AQJ,240.0
1132,MOL,240.0
1133,LCH,240.0
1134,LAW,240.0
1135,DMU,240.0
1136,GWT,240.0
1137,MCY,240.0
1138,MGQ,240.0
1139,JGA,240.0
1140,WRE,230.0
1141,KLU,230.0
1142,SDE,230.0
1143,RAO,230.0
1144,KWL,230.0
1145,KVA,230.0
1146,XMB,230.0
1147,MQM,230.0
1148,COU,230.0
1149,MQL,230.0
1150,GDZ,230.0
1151,MOQ,230.0
1152,RGI,230.0
1153,CLL,230.0
1154,HLZ,230.0
1155,NSN,230.0
1156,FDH,230.0
1157,FEZ,230.0
1158,HRK,230.0
1159,LRM,230.0
1160,LRD,230.0
1161,BHU,220.0
1162,BSK,220.0
1163,WVB,220.0
1164,TYR,220.0
1165,SUV,220.0
1166,FAE,220.0
1167,SJT,220.0
1168,YDF,220.0
1169,UGC,220.0
1170,LDE,220.0
1171,MES,220.0
1172,APL,220.0
1173,BBA,220.0
1174,YSJ,220.0
1175,MQN,220.0
1176,LRT,220.0
1177,LBD,210.0
1178,LDU,210.0
1179,AZA,210.0
1180,AOI,210.0
1181,USN,210.0
1182,UTT,210.0
1183,YKA,210.0
1184,GIS,210.0
1185,OME,210.0
1186,BFS,210.0
1187,RGL,210.0
1188,RES,210.0
1189,PCL,210.0
1190,IVC,210.0
1191,XNB,210.0
1192,RAE,210.0
1193,BLI,210.0
1194,VPY,210.0
1195,KHG,210.0
1196,TLE,210.0
1197,FCA,210.0
1198,MBS,210.0
1199,TOL,210.0
1200,AFA,210.0
1201,ACK,200.0
1202,PXO,200.0
1203,ELH,200.0
1204,LAP,200.0
1205,REL,200.0
1206,DGT,200.0
1207,SBY,200.0
1208,IMP,200.0
1209,SCQ,200.0
1210,KDV,200.0
1211,HTY,200.0
1212,CGB,190.0
1213,STW,190.0
1214,URC,190.0
1215,DPO,190.0
1216,SIT,190.0
1217,SCW,190.0
1218,MXL,190.0
1219,HUY,190.0
1220,XYD,190.0
1221,BDB,190.0
1222,LSE,190.0
1223,YXX,190.0
1224,SZZ,190.0
1225,TRG,190.0
1226,ETZ,190.0
1227,ACY,190.0
1228,BGY,190.0
1229,DMS,190.0
1230,MTS,190.0
1231,MHK,180.0
1232,GIB,180.0
1233,GZP,180.0
1234,ACT,180.0
1235,KUA,180.0
1236,BVC,180.0
1237,URA,180.0
1238,RCB,180.0
1239,UUD,180.0
1240,MGB,180.0
1241,IUE,180.0
1242,URY,180.0
1243,TOE,180.0
1244,OSD,180.0
1245,PKZ,180.0
1246,SGU,180.0
1247,PRI,180.0
1248,MME,180.0
1249,HOV,180.0
1250,PPP,180.0
1251,PWQ,180.0
1252,HIJ,180.0
1253,TMM,180.0
1254,ENA,170.0
1255,PZB,170.0
1256,DNZ,170.0
1257,JHB,170.0
1258,EDL,170.0
1259,YQX,170.0
1260,LMP,170.0
1261,YAM,170.0
1262,VOZ,170.0
1263,RKS,170.0
1264,YXY,170.0
1265,LKN,170.0
1266,EXT,170.0
1267,LSI,170.0
1268,YYB,170.0
1269,FKB,170.0
1270,SRG,160.0
1271,SNU,160.0
1272,YQG,160.0
1273,DIR,160.0
1274,KME,160.0
1275,PLO,160.0
1276,TRW,160.0
1277,KLO,160.0
1278,EAT,160.0
1279,CAB,160.0
1280,HVB,160.0
1281,LET,160.0
1282,OGZ,160.0
1283,HLN,160.0
1284,KGF,160.0
1285,RMI,160.0
1286,SON,160.0
1287,BTM,160.0
1288,THE,160.0
1289,IOM,160.0
1290,DBO,160.0
1291,DIK,160.0
1292,FRW,160.0
1293,ALF,160.0
1294,VIG,160.0
1295,PIH,150.0
1296,CBQ,150.0
1297,ZCL,150.0
1298,ULV,150.0
1299,ESM,150.0
1300,LYP,150.0
1301,OMR,150.0
1302,TMW,150.0
1303,UEL,150.0
1304,SRE,150.0
1305,BLZ,150.0
1306,ARK,150.0
1307,VII,150.0
1308,ABI,150.0
1309,SPI,150.0
1310,EPR,150.0
1311,LMM,150.0
1312,SWA,150.0
1313,XDB,150.0
1314,ANR,150.0
1315,NVT,150.0
1316,CNQ,140.0
1317,BKG,140.0
1318,HAK,140.0
1319,DTM,140.0
1320,EMA,140.0
1321,WLS,140.0
1322,RIY,140.0
1323,STS,140.0
1324,MCZ,140.0
1325,GOV,140.0
1326,MAG,140.0
1327,WUX,140.0
1328,PGV,140.0
1329,PPN,140.0
1330,REN,140.0
1331,GTR,140.0
1332,MDC,140.0
1333,PLU,140.0
1334,HVN,140.0
1335,DOM,140.0
1336,YGK,140.0
1337,TAC,140.0
1338,MQF,140.0
1339,SFL,140.0
1340,YXT,140.0
1341,YTS,140.0
1342,MKK,140.0
1343,LBS,140.0
1344,FTU,140.0
1345,CBT,140.0
1346,ACV,140.0
1347,MPH,140.0
1348,SKD,140.0
1349,KOK,140.0
1350,SJP,140.0
1351,ARM,140.0
1352,PXM,130.0
1353,HTS,130.0
1354,BEW,130.0
1355,HJR,130.0
1356,ROW,130.0
1357,GES,130.0
1358,TXK,130.0
1359,TTN,130.0
1360,AHU,130.0
1361,YBL,130.0
1362,IOA,130.0
1363,HFE,130.0
1364,HTA,130.0
1365,ROS,130.0
1366,KWE,130.0
1367,BLJ,130.0
1368,SLY,130.0
1369,BNK,130.0
1370,AZR,130.0
1371,SPS,130.0
1372,ENU,130.0
1373,OER,130.0
1374,GEV,130.0
1375,LTO,130.0
1376,NOS,130.0
1377,DEA,130.0
1378,IPT,130.0
1379,NHA,120.0
1380,YQY,120.0
1381,RFP,120.0
1382,BAX,120.0
1383,RYG,120.0
1384,YYF,120.0
1385,MOZ,120.0
1386,OSM,120.0
1387,LPL,120.0
1388,SFN,120.0
1389,UIP,120.0
1390,MYW,120.0
1391,SSJ,120.0
1392,TUO,120.0
1393,GKA,120.0
1394,PNL,120.0
1395,BBK,120.0
1396,HLM,120.0
1397,VQS,120.0
1398,YWK,120.0
1399,HUX,120.0
1400,BDU,120.0
1401,QOW,120.0
1402,TMS,120.0
1403,LZH,120.0
1404,YVO,120.0
1405,AJU,120.0
1406,ZFV,120.0
1407,INH,110.0
1408,AKN,110.0
1409,CFR,110.0
1410,IOS,110.0
1411,FMA,110.0
1412,WYA,110.0
1413,LOH,110.0
1414,ANX,110.0
1415,SKN,110.0
1416,TAI,110.0
1417,ASO,110.0
1418,KHS,110.0
1419,MJF,110.0
1420,NMA,110.0
1421,SZF,110.0
1422,TDD,110.0
1423,OSS,110.0
1424,BDO,110.0
1425,OLP,110.0
1426,JKG,110.0
1427,ETR,110.0
1428,OND,110.0
1429,ZBF,110.0
1430,MJV,110.0
1431,RMQ,110.0
1432,BRW,110.0
1433,MAU,100.0
1434,OAG,100.0
1435,GOP,100.0
1436,MMO,100.0
1437,SJZ,100.0
1438,VNX,100.0
1439,BBO,100.0
1440,SHW,100.0
1441,KAN,100.0
1442,MAB,100.0
1443,KAJ,100.0
1444,RNN,100.0
1445,PDG,100.0
1446,MQT,100.0
1447,GCC,100.0
1448,MHH,100.0
1449,CRL,100.0
1450,TAY,100.0
1451,AGT,100.0
1452,KSD,100.0
1453,MLO,100.0
1454,PAS,100.0
1455,OZH,100.0
1456,HOG,100.0
1457,SVJ,100.0
1458,LWB,100.0
1459,AOK,100.0
1460,BQS,100.0
1461,HAD,100.0
1462,DIU,100.0
1463,WEI,100.0
1464,SNR,100.0
1465,TVU,100.0
1466,DUT,90.0
1467,FDE,90.0
1468,BQK,90.0
1469,WHK,90.0
1470,MVY,90.0
1471,MCP,90.0
1472,DAM,90.0
1473,HID,90.0
1474,PQI,90.0
1475,KEM,90.0
1476,HDS,90.0
1477,ABY,90.0
1478,FMN,90.0
1479,PBC,90.0
1480,GDQ,90.0
1481,KOI,90.0
1482,OTZ,90.0
1483,EAR,90.0
1484,ZBL,90.0
1485,CMX,90.0
1486,YKS,90.0
1487,JOE,90.0
1488,YHM,90.0
1489,GHA,90.0
1490,VAN,90.0
1491,VAI,90.0
1492,GUC,90.0
1493,BHV,90.0
1494,ISG,90.0
1495,CYS,90.0
1496,MDG,90.0
1497,ABA,90.0
1498,KWJ,90.0
1499,TAE,90.0
1500,UIB,90.0
1501,XDS,90.0
1502,QYG,90.0
1503,VDS,90.0
1504,UKS,90.0
1505,ZAD,90.0
1506,ZAL,90.0
1507,PVK,80.0
1508,RGA,80.0
1509,CLD,80.0
1510,GXF,80.0
1511,GRI,80.0
1512,CLQ,80.0
1513,EFL,80.0
1514,VRK,80.0
1515,CBO,80.0
1516,UET,80.0
1517,SMA,80.0
1518,SHR,80.0
1519,WAE,80.0
1520,TEE,80.0
1521,KLR,80.0
1522,JAL,80.0
1523,LOK,80.0
1524,INI,80.0
1525,PHW,80.0
1526,LIG,80.0
1527,AGX,80.0
1528,LFR,80.0
1529,KOJ,80.0
1530,TAK,80.0
1531,MHQ,80.0
1532,LAQ,80.0
1533,JLN,80.0
1534,KYA,80.0
1535,KVG,80.0
1536,NAL,80.0
1537,KHN,80.0
1538,DIL,80.0
1539,ZAM,80.0
1540,KOE,80.0
1541,LUO,80.0
1542,LZC,80.0
1543,TBU,80.0
1544,PTG,80.0
1545,LUQ,80.0
1546,LAI,70.0
1547,BHK,70.0
1548,HOR,70.0
1549,BHB,70.0
1550,LEB,70.0
1551,LDH,70.0
1552,ZOS,70.0
1553,CBH,70.0
1554,AJR,70.0
1555,WYS,70.0
1556,YKF,70.0
1557,OTH,70.0
1558,LWS,70.0
1559,BRD,70.0
1560,JLR,70.0
1561,NCU,70.0
1562,CVM,70.0
1563,CBB,70.0
1564,JPA,70.0
1565,GNY,70.0
1566,JRH,70.0
1567,NBE,70.0
1568,NAV,70.0
1569,HGA,70.0
1570,BHQ,70.0
1571,RRS,70.0
1572,QRW,70.0
1573,HUH,70.0
1574,PKE,70.0
1575,SUN,70.0
1576,RAB,70.0
1577,PLN,70.0
1578,BIM,70.0
1579,LPT,70.0
1580,SUX,70.0
1581,TEX,70.0
1582,CKS,70.0
1583,SUJ,70.0
1584,GFF,70.0
1585,VXO,70.0
1586,NGS,70.0
1587,NLD,70.0
1588,PNI,70.0
1589,SOG,70.0
1590,GUR,70.0
1591,LHW,70.0
1592,ART,70.0
1593,NAO,60.0
1594,TBZ,60.0
1595,KSY,60.0
1596,AQI,60.0
1597,MBI,60.0
1598,CFK,60.0
1599,CEG,60.0
1600,NDG,60.0
1601,KRO,60.0
1602,KRP,60.0
1603,TGG,60.0
1604,APO,60.0
1605,ZDH,60.0
1606,AOE,60.0
1607,TYN,60.0
1608,ESC,60.0
1609,CYB,60.0
1610,DCM,60.0
1611,LRS,60.0
1612,LMT,60.0
1613,TWF,60.0
1614,AGF,60.0
1615,YYR,60.0
1616,MOD,60.0
1617,TBN,60.0
1618,LEH,60.0
1619,DBQ,60.0
1620,CIY,60.0
1621,MVR,60.0
1622,YXC,60.0
1623,ELU,60.0
1624,MYA,60.0
1625,CIC,60.0
1626,MZH,60.0
1627,ALW,60.0
1628,SCY,60.0
1629,AMH,60.0
1630,DGE,60.0
1631,HKK,60.0
1632,GDX,60.0
1633,OBO,60.0
1634,JYV,60.0
1635,SRP,60.0
1636,POR,60.0
1637,KNS,60.0
1638,VCS,60.0
1639,GRW,60.0
1640,BCM,60.0
1641,GOH,60.0
1642,YCG,60.0
1643,JOI,60.0
1644,TEB,60.0
1645,VLL,60.0
1646,JHG,60.0
1647,VHC,60.0
1648,GRO,60.0
1649,ILG,60.0
1650,SVP,60.0
1651,PPS,60.0
1652,BPN,60.0
1653,PVH,60.0
1654,HOD,60.0
1655,DWC,60.0
1656,SVB,60.0
1657,PUU,60.0
1658,WAG,60.0
1659,TJU,60.0
1660,DLG,60.0
1661,BHY,60.0
1662,VSG,60.0
1663,BGF,60.0
1664,BPT,60.0
1665,NVI,60.0
1666,NVK,60.0
1667,KGC,60.0
1668,PSE,60.0
1669,TKG,50.0
1670,SKE,50.0
1671,MLX,50.0
1672,YZV,50.0
1673,PIR,50.0
1674,BKZ,50.0
1675,STV,50.0
1676,EUN,50.0
1677,ZAZ,50.0
1678,LTX,50.0
1679,PMW,50.0
1680,AGR,50.0
1681,TUK,50.0
1682,PNP,50.0
1683,WSZ,50.0
1684,LWY,50.0
1685,LXA,50.0
1686,ZTH,50.0
1687,HMA,50.0
1688,EGO,50.0
1689,CZE,50.0
1690,BVE,50.0
1691,GST,50.0
1692,PIB,50.0
1693,YFB,50.0
1694,YLL,50.0
1695,YKQ,50.0
1696,USK,50.0
1697,YKM,50.0
1698,KSH,50.0
1699,RUT,50.0
1700,AZS,50.0
1701,TIN,50.0
1702,CGI,50.0
1703,NZH,50.0
1704,JZH,50.0
1705,KVD,50.0
1706,RIW,50.0
1707,MYD,50.0
1708,YVP,50.0
1709,PBD,50.0
1710,YCB,50.0
1711,LGP,50.0
1712,MRZ,50.0
1713,RHI,50.0
1714,YYE,50.0
1715,SDY,50.0
1716,BYC,50.0
1717,RGK,50.0
1718,RDZ,50.0
1719,SGD,50.0
1720,THS,40.0
1721,TIH,40.0
1722,SYY,40.0
1723,TKQ,40.0
1724,DEC,40.0
1725,TJA,40.0
1726,DRT,40.0
1727,CTM,40.0
1728,TOD,40.0
1729,SVU,40.0
1730,DQA,40.0
1731,EAU,40.0
1732,THR,40.0
1733,FEG,40.0
1734,JIJ,40.0
1735,BAY,40.0
1736,YJE,40.0
1737,LMN,40.0
1738,JTY,40.0
1739,JST,40.0
1740,JKL,40.0
1741,LRH,40.0
1742,LTK,40.0
1743,ACI,40.0
1744,IYK,40.0
1745,ZFQ,40.0
1746,MHC,40.0
1747,ZIG,40.0
1748,PHO,40.0
1749,XKH,40.0
1750,BJZ,40.0
1751,BBB,40.0
1752,NQY,40.0
1753,LAU,40.0
1754,KID,40.0
1755,ALS,40.0
1756,MUR,40.0
1757,LCE,40.0
1758,YTM,40.0
1759,YTH,40.0
1760,KSA,40.0
1761,AJI,40.0
1762,LLI,40.0
1763,YQD,40.0
1764,YMN,40.0
1765,KLV,40.0
1766,NNY,40.0
1767,KIT,40.0
1768,NOV,40.0
1769,AZN,40.0
1770,PIS,40.0
1771,XJN,40.0
1772,PKB,40.0
1773,GLN,40.0
1774,BZG,40.0
1775,VDZ,40.0
1776,GMZ,40.0
1777,CAL,40.0
1778,MCW,40.0
1779,GMB,40.0
1780,GGA,40.0
1781,IMT,40.0
1782,RSH,40.0
1783,MAS,40.0
1784,FEN,40.0
1785,TUP,40.0
1786,CMW,40.0
1787,CND,40.0
1788,MCX,40.0
1789,ZVE,40.0
1790,RBQ,40.0
1791,RAH,40.0
1792,PKU,40.0
1793,PLM,40.0
1794,IFO,40.0
1795,PMY,40.0
1796,XAP,40.0
1797,BNI,40.0
1798,HUI,40.0
1799,LYC,40.0
1800,ZUH,40.0
1801,BRN,40.0
1802,HKN,40.0
1803,HEA,40.0
1804,VPE,40.0
1805,ABB,40.0
1806,KZS,40.0
1807,ZWE,30.0
1808,YXH,30.0
1809,TPQ,30.0
1810,TFF,30.0
1811,XMS,30.0
1812,CNJ,30.0
1813,UDJ,30.0
1814,CPD,30.0
1815,BXU,30.0
1816,BWT,30.0
1817,BVB,30.0
1818,WIC,30.0
1819,TKS,30.0
1820,BJI,30.0
1821,YTY,30.0
1822,BHS,30.0
1823,YBG,30.0
1824,YCO,30.0
1825,TOY,30.0
1826,BBN,30.0
1827,YQZ,30.0
1828,YRT,30.0
1829,AOR,30.0
1830,XCH,30.0
1831,AAB,30.0
1832,PAH,30.0
1833,SHC,30.0
1834,EBJ,30.0
1835,HOM,30.0
1836,LJG,30.0
1837,NYM,30.0
1838,KCM,30.0
1839,PUW,30.0
1840,IXD,30.0
1841,MSJ,30.0
1842,HIN,30.0
1843,LBE,30.0
1844,ERZ,30.0
1845,RBR,30.0
1846,GTE,30.0
1847,LPP,30.0
1848,GOU,30.0
1849,KMI,30.0
1850,RKD,30.0
1851,KMQ,30.0
1852,RMF,30.0
1853,KNU,30.0
1854,NAA,30.0
1855,KUK,30.0
1856,RVK,30.0
1857,KTE,30.0
1858,GAY,30.0
1859,RSD,30.0
1860,SRZ,30.0
1861,KSM,30.0
1862,DHM,30.0
1863,TCB,30.0
1864,TBW,30.0
1865,OSY,30.0
1866,TDX,30.0
1867,JHS,30.0
1868,DIE,30.0
1869,MEH,30.0
1870,SZB,30.0
1871,INL,30.0
1872,IBA,20.0
1873,YPR,20.0
1874,RIB,20.0
1875,BZO,20.0
1876,VEL,20.0
1877,GRV,20.0
1878,YOJ,20.0
1879,AUG,20.0
1880,JBR,20.0
1881,RDD,20.0
1882,QUO,20.0
1883,QUB,20.0
1884,QJZ,20.0
1885,YMO,20.0
1886,YPX,20.0
1887,OSW,20.0
1888,YQK,20.0
1889,GGG,20.0
1890,PAG,20.0
1891,NDU,20.0
1892,NGY,20.0
1893,KRF,20.0
1894,PDS,20.0
1895,ROP,20.0
1896,XRF,20.0
1897,GFN,20.0
1898,KOZ,20.0
1899,GMR,20.0
1900,ROO,20.0
1901,GGW,20.0
1902,GHB,20.0
1903,XQP,20.0
1904,PDT,20.0
1905,KMS,20.0
1906,XQE,20.0
1907,VOL,20.0
1908,QDU,20.0
1909,BUA,20.0
1910,YKU,20.0
1911,IAM,20.0
1912,HOF,20.0
1913,HPH,20.0
1914,PQS,20.0
1915,PQC,20.0
1916,YGW,20.0
1917,OGX,20.0
1918,WNP,20.0
1919,JSY,20.0
1920,YIP,20.0
1921,PLX,20.0
1922,WRG,20.0
1923,WTL,20.0
1924,BDJ,20.0
1925,HUU,20.0
1926,BEB,20.0
1927,YHD,20.0
1928,PNK,20.0
1929,HYS,20.0
1930,PNT,20.0
1931,NYT,20.0
1932,OMD,20.0
1933,INC,20.0
1934,HGR,20.0
1935,HCR,20.0
1936,BFF,20.0
1937,BTS,20.0
1938,PYH,20.0
1939,BTK,20.0
1940,PJG,20.0
1941,KIJ,20.0
1942,NRK,20.0
1943,NSK,20.0
1944,PSR,20.0
1945,KGT,20.0
1946,XHJ,20.0
1947,HKD,20.0
1948,XFN,20.0
1949,BKW,20.0
1950,WBM,20.0
1951,PUB,20.0
1952,HMV,20.0
1953,PVC,20.0
1954,MCK,20.0
1955,CNM,20.0
1956,SMX,20.0
1957,MMU,20.0
1958,EJH,20.0
1959,EKO,20.0
1960,MNG,20.0
1961,RSA,20.0
1962,LYA,20.0
1963,MSE,20.0
1964,TRO,20.0
1965,EQS,20.0
1966,EIN,20.0
1967,MSS,20.0
1968,TSF,20.0
1969,MEI,20.0
1970,CMF,20.0
1971,YXL,20.0
1972,TBG,20.0
1973,MIM,20.0
1974,MAJ,20.0
1975,YYQ,20.0
1976,COQ,20.0
1977,ESU,20.0
1978,LUH,20.0
1979,DND,20.0
1980,CSY,20.0
1981,LRE,20.0
1982,ZYN,20.0
1983,SVA,20.0
1984,DMB,20.0
1985,ACH,20.0
1986,MKM,20.0
1987,MGW,20.0
1988,LKG,20.0
1989,DIJ,20.0
1990,TMR,20.0
1991,MMH,20.0
1992,YZR,20.0
1993,TNN,20.0
1994,LKL,20.0
1995,SOM,20.0
1996,AGB,20.0
1997,SLM,20.0
1998,CTC,20.0
1999,SLI,20.0
2000,YUY,20.0
2001,SKZ,20.0
2002,DCN,20.0
2003,FNJ,20.0
2004,SCV,20.0
2005,SCM,20.0
2006,SCC,20.0
2007,UKA,20.0
2008,KUT,20.0
2009,UKX,20.0
2010,AOJ,20.0
2011,FSP,20.0
2012,AOO,20.0
2013,UNG,20.0
2014,NAJ,20.0
2015,APN,20.0
2016,MCN,20.0
2017,CFN,20.0
2018,FUT,20.0
2019,NCY,20.0
2020,ZVK,20.0
2021,KVX,20.0
2022,KWA,20.0
2023,SHD,20.0
2024,YWL,20.0
2025,MXZ,20.0
2026,EZS,20.0
2027,LAR,20.0
2028,CIJ,20.0
2029,CXB,20.0
2030,SKU,20.0
2031,YWH,20.0
2032,ALO,20.0
2033,ZVJ,20.0
2034,AAN,20.0
2035,YVQ,20.0
2036,CIU,20.0
2037,DDG,20.0
2038,KWG,20.0
2039,JNX,10.0
2040,OXB,10.0
2041,OSR,10.0
2042,ZSA,10.0
2043,XZI,10.0
2044,ORU,10.0
2045,LUG,10.0
2046,ORB,10.0
2047,ZSE,10.0
2048,BFD,10.0
2049,JAV,10.0
2050,NDB,10.0
2051,YGX,10.0
2052,AKF,10.0
2053,KUH,10.0
2054,KPO,10.0
2055,KVL,10.0
2056,YUD,10.0
2057,KWN,10.0
2058,KZR,10.0
2059,YMT,10.0
2060,AWZ,10.0
2061,AXA,10.0
2062,KKE,10.0
2063,MXX,10.0
2064,NOC,10.0
2065,NOJ,10.0
2066,LPK,10.0
2067,MSZ,10.0
2068,MSL,10.0
2069,KGP,10.0
2070,KAD,10.0
2071,YZP,10.0
2072,YIH,10.0
2073,YZZ,10.0
2074,MLW,10.0
2075,JQA,10.0
2076,YHO,10.0
2077,JOS,10.0
2078,MKG,10.0
2079,KSQ,10.0
2080,ILD,10.0
2081,PBG,10.0
2082,UTP,10.0
2083,TUB,10.0
2084,SKK,10.0
2085,UAK,10.0
2086,CHU,10.0
2087,SDN,10.0
2088,GCK,10.0
2089,CEC,10.0
2090,GDE,10.0
2091,CDV,10.0
2092,UUA,10.0
2093,CMG,10.0
2094,GJL,10.0
2095,RGS,10.0
2096,BUL,10.0
2097,PZU,10.0
2098,PZH,10.0
2099,HET,10.0
2100,HFS,10.0
2101,VVZ,10.0
2102,PSG,10.0
2103,ERS,10.0
2104,SLU,10.0
2105,BQB,10.0
2106,TIZ,10.0
2107,CYZ,10.0
2108,CXJ,10.0
2109,TGM,10.0
2110,CUM,10.0
2111,SZA,10.0
2112,TIM,10.0
2113,DLZ,10.0
2114,TIU,10.0
2115,CTL,10.0
2116,DVL,10.0
2117,ERC,10.0
2118,DWD,10.0
2119,CRI,10.0
2120,DZN,10.0
2121,TMX,10.0
2122,EGC,10.0
2123,SOC,10.0
2124,COD,10.0
2125,CNY,10.0
2126,SMK,10.0
2127,HOB,10.0
2128,RSU,10.0
2129,WWK,10.0
2130,ISE,10.0
2131,HYN,10.0
2132,BJF,10.0
2133,PED,10.0
2134,HUE,10.0
2135,HSN,10.0
2136,WUS,10.0
2137,IWK,10.0
2138,SNE,0.0
2139,MPN,0.0
2140,IPH,0.0
2141,ELD,0.0
2142,MSR,0.0
2143,YEV,0.0
2144,AGM,0.0
2145,YGJ,0.0
2146,ILY,0.0
2147,IGD,0.0
2148,EGM,0.0
2149,YGR,0.0
2150,YXN,0.0
2151,MWA,0.0
2152,AKY,0.0
2153,TUI,0.0
2154,SJW,0.0
2155,SHP,0.0
2156,CJJ,0.0
2157,WMN,0.0
2158,ALP,0.0
2159,UAH,0.0
2160,SG,0.0
2161,SDP,0.0
2162,JIK,0.0
2163,KAC,0.0
2164,IPN,0.0
2165,YYU,0.0
2166,OZC,0.0
2167,CXI,0.0
2168,CWC,0.0
2169,MDL,0.0
2170,LYG,0.0
2171,TGR,0.0
2172,ABK,0.0
2173,DIG,0.0
2174,ABR,0.0
2175,XZZ,0.0
2176,ZLN,0.0
2177,LXG,0.0
2178,XPJ,0.0
2179,ZHA,0.0
2180,LUM,0.0
2181,XOP,0.0
2182,LUD,0.0
2183,LSA,0.0
2184,LRR,0.0
2185,PGA,0.0
2186,MJN,0.0
2187,STM,0.0
2188,DYG,0.0
2189,IRJ,0.0
2190,BND,0.0
2191,SPP,0.0
2192,MCE,0.0
2193,KMJ,0.0
2194,YHY,0.0
2195,UYU,0.0
2196,CBG,0.0
2197,WUA,0.0
2198,GLH,0.0
2199,VCT,0.0
2200,RJK,0.0
2201,RIL,0.0
2202,ATY,0.0
2203,RHD,0.0
2204,YNZ,0.0
2205,GWL,0.0
2206,VLV,0.0
2207,KLX,0.0
2208,BUN,0.0
2209,HSL,0.0
2210,AXP,0.0
2211,BTH,0.0
2212,JTC,0.0
2213,OIA,0.0
2214,HJJ,0.0
2215,OHH,0.0
2216,HLD,0.0
2217,BAL,0.0
2218,NTG,0.0
2219,BRL,0.0
2220,YRL,0.0
2221,CZX,0.0
2222,FSZ,0.0
2223,JOG,0.0
2224,KTL,0.0
2225,KUN,0.0
2226,ULH,0.0
2227,SAB,0.0
2228,FUN,0.0
2229,KUS,0.0
2230,UKB,0.0
2231,HVG,0.0
2232,CED,0.0
2233,OSK,-10.0
2234,SUG,-10.0
2235,JSI,-10.0
2236,TUG,-10.0
2237,YOP,-10.0
2238,XJY,-10.0
2239,DPL,-10.0
2240,MGF,-10.0
2241,YQL,-10.0
2242,LBL,-10.0
2243,JMU,-10.0
2244,BAV,-20.0
2245,YAY,-20.0
2246,FLA,-20.0
2247,XUZ,-20.0
2248,TAG,-20.0
2249,HDG,-20.0
2250,HRI,-20.0
2251,RRG,-20.0
2252,YCU,-20.0
2253,CPQ,-20.0
2254,LEN,-20.0
2255,YRB,-20.0
2256,KSN,-20.0
2257,LBF,-20.0
2258,VDM,-20.0
2259,IFN,-20.0
2260,BER,-20.0
2261,RXS,-30.0
2262,CGD,-30.0
2263,XNN,-40.0
2264,KUU,-40.0
2265,KKJ,-40.0
2266,FLW,-50.0
2267,MUA,-60.0
2268,CXR,-60.0
2269,SDJ,-70.0
2270,MYJ,-80.0
2271,XWG,-90.0
2272,UPG,-90.0
2273,MZV,-350.0
2274,AYQ,-1270.0
